split,RMSE_LSTM,R2 Score_LSTM,Adj R2 Score_LSTM,RMSE_GRU,R2 Score_GRU,Adj R2 Score_GRU
Train,0.30170156207680726,0.9835213443005881,0.9834855211360242,0.28808639009084547,0.9849750817133335,0.9849424188474929
Test,1.4076827485881211,0.9218517421575106,0.9184241869889804,1.3719847737321003,0.9257650567819056,0.9225091382197085
