split,RMSE_LSTM,R2 Score_LSTM,Adj R2 Score_LSTM,RMSE_GRU,R2 Score_GRU,Adj R2 Score_GRU
Train,0.3568123586764301,0.9932389125214237,0.993224214505166,0.32375795871938157,0.9944335586990359,0.994421457739686
Test,2.701315036822181,0.7567218960277445,0.7460518037482597,2.4834094780463882,0.7943876254509841,0.7853695388479571
