split,RMSE_LSTM,R2 Score_LSTM,Adj R2 Score_LSTM,RMSE_GRU,R2 Score_GRU,Adj R2 Score_GRU
Train,0.2001442076420237,0.9930106669077231,0.9929954727053486,0.19636674548938451,0.9932720069140902,0.9932573808421643
Test,1.4311425147862753,0.9132745828918541,0.9094708365274617,1.3516450096038528,0.9226418842926053,0.9192489844808774
