split,RMSE_LSTM,R2 Score_LSTM,Adj R2 Score_LSTM,RMSE_GRU,R2 Score_GRU,Adj R2 Score_GRU
Train,1.2099039897186712,0.9947162296801202,0.994704743222903,1.0377279329979483,0.9961130482973851,0.9961045984023794
Test,1.7523308626365164,0.7767880234634037,0.7669980244925003,1.4943255540683724,0.8376786258141039,0.8305592672971787
