split,RMSE_LSTM,R2 Score_LSTM,Adj R2 Score_LSTM,RMSE_GRU,R2 Score_GRU,Adj R2 Score_GRU
Train,0.23737855240472291,0.9829366978880533,0.9828996037530273,0.21504081877806322,0.985996972415844,0.9859665310515306
Test,2.142464286123732,0.8815989297185118,0.8764059003202009,1.5600202337811258,0.937224686756267,0.9344713835438226
