split,RMSE_LSTM,R2 Score_LSTM,Adj R2 Score_LSTM,RMSE_GRU,R2 Score_GRU,Adj R2 Score_GRU
Train,0.11320118294307777,0.9908387472858944,0.9908188315191246,0.10979210985439303,0.9913822244385602,0.9913634901438614
Test,1.7641748870648477,0.8644899264454682,0.8585465021667606,1.7089736327787386,0.8728375097262732,0.8672602075212852
