split,RMSE_LSTM,R2 Score_LSTM,Adj R2 Score_LSTM,RMSE_GRU,R2 Score_GRU,Adj R2 Score_GRU
Train,0.4707013996773278,0.997814803494009,0.997810053066822,0.44081315561686873,0.9980835007980859,0.998079334495473
Test,2.207722081454192,0.9332023450511797,0.9302726233428982,2.016973118577854,0.9442464398178375,0.9418011082309006
