split,RMSE_LSTM,R2 Score_LSTM,Adj R2 Score_LSTM,RMSE_GRU,R2 Score_GRU,Adj R2 Score_GRU
Train,0.49201788325974016,0.9898308487422932,0.989808741891733,0.5121912340140955,0.9889798576126534,0.9889559007813765
Test,4.40050873849749,0.9036925632424323,0.8994685528583285,4.1875544302520105,0.9127882594434011,0.9089631831031995
