split,RMSE_LSTM,R2 Score_LSTM,Adj R2 Score_LSTM,RMSE_GRU,R2 Score_GRU,Adj R2 Score_GRU
Train,0.3283301461475772,0.9910777063830598,0.9910583100925882,0.29346092843563815,0.992872199043854,0.9928567038243842
Test,4.763528331362824,0.8483281287607224,0.8416758537063681,3.1844446835366575,0.9322179048619657,0.9292450059524028
