split,RMSE_LSTM,R2 Score_LSTM,Adj R2 Score_LSTM,RMSE_GRU,R2 Score_GRU,Adj R2 Score_GRU
Train,0.5214647153656112,0.9915874609055164,0.9915691727770501,0.5024047185702817,0.9921911935878758,0.9921742179217624
Test,35.159758505485534,0.43387070792615934,0.40904047581765757,18.207297335670972,0.8481849325567098,0.8415263769670918
