split,RMSE_LSTM,R2 Score_LSTM,Adj R2 Score_LSTM,RMSE_GRU,R2 Score_GRU,Adj R2 Score_GRU
Train,0.4112290657072064,0.9980786610158565,0.998074484191978,0.36550232549154565,0.9984821924642611,0.9984788928826617
Test,3.51922558675467,0.9405758208562842,0.93796949720963,2.523732454523292,0.9694398406657305,0.9680994828001924
