split,RMSE_LSTM,R2 Score_LSTM,Adj R2 Score_LSTM,RMSE_GRU,R2 Score_GRU,Adj R2 Score_GRU
Train,0.48336079768823415,0.9973987233042002,0.9973930683548615,0.47701809164942227,0.997466543892313,0.9974610363790355
Test,11.027390450552016,0.782953345335379,0.7734337552185097,8.22947729627005,0.8791206370197221,0.8738189105732187
